{
    "identityPoolName": "AndroidIdentityPool",
    "allowUnauthenticatedIdentities": true,
    "thirdPartyAuth": false,
    "lambdaLogPolicy": "AndroidCognito_lambda_log_policy",
    "openIdLambdaRoleName": "AndroidCognito_openid_lambda_role",
    "openIdRolePolicy": "AndroidCognito_openid_pass_role_policy",
    "openIdLambdaIAMPolicy": "AndroidCognito_openid_lambda_iam_policy",
    "openIdLogPolicy": "AndroidCognito_openid_lambda_log_policy",
    "userPoolName": "AndroidUserpool",
    "autoVerifiedAttributes": [
        "email"
    ],
    "mfaConfiguration": "OFF",
    "mfaTypes": [
        "SMS Text Message"
    ],
    "roleName": "AndroidCognito_sns-role",
    "roleExternalId": "AndroidCognito_role_external_id",
    "policyName": "AndroidCognito-sns-policy",
    "smsAuthenticationMessage": "Your authentication code is {####}",
    "smsVerificationMessage": "Your verification code is {####}",
    "emailVerificationSubject": "Your verification code",
    "emailVerificationMessage": "Your verification code is {####}",
    "defaultPasswordPolicy": false,
    "passwordPolicyMinLength": 8,
    "passwordPolicyCharacters": [
        "Requires Lowercase",
        "Requires Uppercase",
        "Requires Numbers",
        "Requires Symbols"
    ],
    "requiredAttributes": [
        "email"
    ],
    "userpoolClientName": "AndroidCognito_app_client",
    "userpoolClientGenerateSecret": true,
    "userpoolClientRefreshTokenValidity": "30",
    "userpoolClientReadAttributes": [
        "email"
    ],
    "mfaLambdaRole": "AndroidCognito_totp_lambda_role",
    "mfaLambdaLogPolicy": "AndroidCognito_totp_lambda_log_policy",
    "mfaPassRolePolicy": "AndroidCognito_totp_pass_role_policy",
    "mfaLambdaIAMPolicy": "AndroidCognito_totp_lambda_iam_policy",
    "userpoolClientLambdaRole": "AndroidCognito_userpoolclient_lambda_role",
    "userpoolClientLogPolicy": "AndroidCognito_userpoolclient_lambda_log_policy",
    "userpoolClientLambdaPolicy": "AndroidCognito_userpoolclient_lambda_iam_policy",
    "userpoolClientSetAttributes": true,
    "useDefault": "manual",
    "authSelections": "identityPoolAndUserPool",
    "resourceName": "AndroidCognito",
    "unAuthRoleName": "ndroid-20181129072001-unauthRole",
    "authRoleName": "ndroid-20181129072001-authRole",
    "unAuthRoleArn": "arn:aws:iam::871036824499:role/ndroid-20181129072001-unauthRole",
    "authRoleArn": "arn:aws:iam::871036824499:role/ndroid-20181129072001-authRole",
    "userpoolClientWriteAttributes": [
        "email"
    ]
}