{
    "UserAgent": "aws-amplify-cli/0.1.0",
    "Version": "1.0",
    "IdentityManager": {
        "Default": {}
    },
    "CredentialsProvider": {
        "CognitoIdentity": {
            "Default": {
                "PoolId": "us-east-1:6dd088bb-fc29-406e-a231-e5483f364330",
                "Region": "us-east-1"
            }
        }
    },
    "CognitoUserPool": {
        "Default": {
            "PoolId": "us-east-1_mDuXmhkmh",
            "AppClientId": "5iutupaidnkuuq0sids1ut359b",
            "AppClientSecret": "1hu2i3pi04ls6pd4rs37r6ogh18iuhb78l499vk53ru67psvgov6",
            "Region": "us-east-1"
        }
    },
    "AppSync": {
        "Default": {
            "ApiUrl": "https://vc3nkv3iojcdjllglytphyki3a.appsync-api.us-east-1.amazonaws.com/graphql",
            "Region": "us-east-1",
            "AuthMode": "API_KEY",
            "ApiKey": "da2-o767petodrdbtkpbaylyt3qwye"
        }
    }
}