{
    "projectName": "app",
    "projectPath": "C:\\Users\\ZenWarrior\\cmsc495_7980\\Android\\app",
    "defaultEditor": "idea14ce",
    "frontendHandler": {
        "android": "C:\\Users\\ZenWarrior\\AppData\\Roaming\\npm\\node_modules\\@aws-amplify\\cli\\node_modules\\amplify-frontend-android"
    },
    "amplify-frontend-android": {
        "config": {
            "ResDir": "app/src/main/res"
        }
    },
    "providers": {
        "awscloudformation": "C:\\Users\\ZenWarrior\\AppData\\Roaming\\npm\\node_modules\\@aws-amplify\\cli\\node_modules\\amplify-provider-awscloudformation"
    }
}