{
    "providers": {
        "awscloudformation": {
            "AuthRoleName": "app-20181201115634-authRole",
            "UnauthRoleArn": "arn:aws:iam::871036824499:role/app-20181201115634-unauthRole",
            "AuthRoleArn": "arn:aws:iam::871036824499:role/app-20181201115634-authRole",
            "Region": "us-east-1",
            "DeploymentBucketName": "app-20181201115634-deployment",
            "UnauthRoleName": "app-20181201115634-unauthRole",
            "StackName": "app-20181201115634",
            "StackId": "arn:aws:cloudformation:us-east-1:871036824499:stack/app-20181201115634/35e785c0-f5a3-11e8-9a8a-50d5cad95262"
        }
    }
}