{
    "providers": {
        "awscloudformation": {
            "AuthRoleName": "ndroid-20181129072001-authRole",
            "UnauthRoleArn": "arn:aws:iam::871036824499:role/ndroid-20181129072001-unauthRole",
            "AuthRoleArn": "arn:aws:iam::871036824499:role/ndroid-20181129072001-authRole",
            "Region": "us-east-1",
            "DeploymentBucketName": "ndroid-20181129072001-deployment",
            "UnauthRoleName": "ndroid-20181129072001-unauthRole",
            "StackName": "ndroid-20181129072001",
            "StackId": "arn:aws:cloudformation:us-east-1:871036824499:stack/ndroid-20181129072001/1a9b2610-f3d1-11e8-bd24-0a16600979f0"
        }
    },
    "auth": {
        "AndroidCognito": {
            "service": "Cognito",
            "providerPlugin": "awscloudformation",
            "providerMetadata": {
                "s3TemplateURL": "https://s3.amazonaws.com/ndroid-20181129072001-deployment/amplify-cfn-templates/auth/AndroidCognito-cloudformation-template.yml",
                "logicalId": "authAndroidCognito"
            },
            "lastPushTimeStamp": "2018-11-30T11:02:37.874Z",
            "output": {
                "AppClientSecret": "1hu2i3pi04ls6pd4rs37r6ogh18iuhb78l499vk53ru67psvgov6",
                "UserPoolId": "us-east-1_mDuXmhkmh",
                "AppClientIDWeb": "1t6p7fknu2dajtb0v7qlf6b438",
                "AppClientID": "5iutupaidnkuuq0sids1ut359b",
                "IdentityPoolId": "us-east-1:6dd088bb-fc29-406e-a231-e5483f364330",
                "IdentityPoolName": "AndroidIdentityPool",
                "UserPoolName": "AndroidUserpool"
            },
            "lastPushDirHash": "41u0kO31XAsSQ/SQ86BRRkrmYs4=",
            "[object Object]": {}
        }
    },
    "api": {
        "AndroidAPI": {
            "service": "AppSync",
            "output": {
                "securityType": "API_KEY",
                "GraphQLAPIIdOutput": "resnp7plhzcwff26zhmt3ya2rq",
                "GraphQLAPIEndpointOutput": "https://vc3nkv3iojcdjllglytphyki3a.appsync-api.us-east-1.amazonaws.com/graphql",
                "GraphQLAPIKeyOutput": "da2-xpuwitp2rzgvfjbsmkj72z5axq"
            },
            "lastPushTimeStamp": "2018-12-07T06:21:30.385Z"
        }
    }
}